time_completed,M,Z,batch_size,test_set_size,detector_type,activation,gen_hidden_dim,discim_hidden_dim,avg_validation_loss,avg_test_loss,avg_num_bits_changed,auc,orig_accuracy,orig_TPR,orig_FPR,modified_accuracy,modified_TPR,modified_FPR

//DecisionTree
2024-01-05 19:19:15.350103,128,10,32,361,DecisionTree,LeakyReLU,"[256, 256]","[256, 256]",-12.931308746337891,-12.928925514221191,65.670,0.45454545,0.95567867,0.97069597,0.09090909,0.22160665,0.00000000,0.09090909
2024-01-10 19:03:30.385855,128,10,32,361,DecisionTree,LeakyReLU,"[256, 256]","[256, 256]",-13.180258750915527,-13.144635200500488,66.341,0.43750000,0.93905817,0.95970696,0.12500000,0.21329640,0.00000000,0.12500000
2024-01-10 19:05:56.938712,128,10,32,361,DecisionTree,LeakyReLU,"[256, 256]","[256, 256]",-12.547821044921875,-12.542521476745605,71.527,0.44886364,0.95013850,0.96703297,0.10227273,0.21883657,0.00000000,0.10227273
2024-01-10 19:07:22.621102,128,10,32,361,DecisionTree,LeakyReLU,"[256, 256]","[256, 256]",-12.740031242370605,-12.708355903625488,62.454,0.44886364,0.95013850,0.96703297,0.10227273,0.21883657,0.00000000,0.10227273
2024-01-10 19:08:38.586563,128,10,32,361,DecisionTree,LeakyReLU,"[256, 256]","[256, 256]",-13.227680206298828,-13.191102027893066,62.590,0.45618964,0.95290859,0.97069597,0.10227273,0.22991690,0.01465201,0.10227273
2024-01-10 19:10:01.992814,128,10,32,361,DecisionTree,LeakyReLU,"[256, 256]","[256, 256]",-13.283248901367188,-13.298883438110352,70.223,0.43750000,0.93905817,0.95970696,0.12500000,0.21329640,0.00000000,0.12500000
2024-01-10 19:11:01.601103,128,10,32,361,DecisionTree,LeakyReLU,"[256, 256]","[256, 256]",-11.147689819335938,-11.129763603210449,53.604,0.45454545,0.95013850,0.96336996,0.09090909,0.22160665,0.00000000,0.09090909
2024-01-10 19:12:04.554746,128,10,32,361,DecisionTree,LeakyReLU,"[256, 256]","[256, 256]",-12.223163604736328,-12.209919929504395,73.546,0.44886364,0.95013850,0.96703297,0.10227273,0.21883657,0.00000000,0.10227273
2024-01-10 19:13:17.210507,128,10,32,361,DecisionTree,LeakyReLU,"[256, 256]","[256, 256]",-11.925474166870117,-11.913331031799316,70.421,0.44886364,0.94182825,0.95604396,0.10227273,0.21883657,0.00000000,0.10227273
2024-01-10 19:14:18.775497,128,10,32,361,DecisionTree,LeakyReLU,"[256, 256]","[256, 256]",-12.409803390502930,-12.407953262329102,71.396,0.44886364,0.94736842,0.96336996,0.10227273,0.21883657,0.00000000,0.10227273

//LogisticRegression
2024-01-05 19:21:27.205933,128,10,32,361,LogisticRegression,LeakyReLU,"[256, 256]","[256, 256]",-4.653000831604004,-4.679951667785645,36.659,0.41853979,0.95013850,0.96703297,0.10227273,0.33240997,0.15018315,0.10227273
2024-01-10 19:16:06.630194,128,10,32,361,LogisticRegression,LeakyReLU,"[256, 256]","[256, 256]",-5.405903339385986,-5.310846328735352,33.267,0.29699467,0.95013850,0.96703297,0.10227273,0.23822715,0.02564103,0.10227273
2024-01-10 19:17:09.321758,128,10,32,361,LogisticRegression,LeakyReLU,"[256, 256]","[256, 256]",-3.958542346954346,-4.035073280334473,29.443,0.40555278,0.95013850,0.96703297,0.10227273,0.34349030,0.16483516,0.10227273
2024-01-10 19:18:07.509151,128,10,32,361,LogisticRegression,LeakyReLU,"[256, 256]","[256, 256]",-5.390344619750977,-5.492414951324463,38.630,0.29233267,0.95013850,0.96703297,0.10227273,0.23268698,0.01831502,0.10227273
2024-01-10 19:18:59.048416,128,10,32,361,LogisticRegression,LeakyReLU,"[256, 256]","[256, 256]",-6.390683174133301,-6.327842712402344,33.249,0.18235931,0.95013850,0.96703297,0.10227273,0.23545706,0.02197802,0.10227273
2024-01-10 19:19:54.054150,128,10,32,361,LogisticRegression,LeakyReLU,"[256, 256]","[256, 256]",-4.654493331909180,-4.710355281829834,31.147,0.35830836,0.95013850,0.96703297,0.10227273,0.33795014,0.15750916,0.10227273
2024-01-10 19:20:57.333651,128,10,32,361,LogisticRegression,LeakyReLU,"[256, 256]","[256, 256]",-4.567920207977295,-4.656664371490479,32.055,0.33362471,0.95013850,0.96703297,0.10227273,0.32686981,0.14285714,0.10227273
2024-01-10 19:21:51.651296,128,10,32,361,LogisticRegression,LeakyReLU,"[256, 256]","[256, 256]",-5.888967990875244,-5.800306320190430,36.714,0.24317349,0.95013850,0.96703297,0.10227273,0.29085873,0.09523810,0.10227273
2024-01-10 19:22:46.439941,128,10,32,361,LogisticRegression,LeakyReLU,"[256, 256]","[256, 256]",-5.439710617065430,-5.340770244598389,37.791,0.29249917,0.95013850,0.96703297,0.10227273,0.30747922,0.11721612,0.10227273
2024-01-10 19:23:46.205308,128,10,32,361,LogisticRegression,LeakyReLU,"[256, 256]","[256, 256]",-5.228383541107178,-5.245018005371094,34.249,0.28708791,0.95013850,0.96703297,0.10227273,0.25207756,0.04395604,0.10227273

//MultiLayerPerceptron
2024-01-10 21:07:19.279707,128,10,32,361,MultiLayerPerceptron,LeakyReLU,"[256, 256]","[256, 256]",-3.554991960525513,-3.594561338424683,30.930,0.35310523,0.96675900,0.98168498,0.07954545,0.28531856,0.08058608,0.07954545
2024-01-10 21:08:53.493708,128,10,32,361,MultiLayerPerceptron,LeakyReLU,"[256, 256]","[256, 256]",-4.739401340484619,-4.761581897735596,30.835,0.29778555,0.95844875,0.97802198,0.10227273,0.26315789,0.05860806,0.10227273
2024-01-10 21:09:57.309511,128,10,32,361,MultiLayerPerceptron,LeakyReLU,"[256, 256]","[256, 256]",-4.394808769226074,-4.595980644226074,24.136,0.41296204,0.96121884,0.98168498,0.10227273,0.29639889,0.10256410,0.10227273
2024-01-10 21:10:53.918677,128,10,32,361,MultiLayerPerceptron,LeakyReLU,"[256, 256]","[256, 256]",-4.736051082611084,-4.824978828430176,29.681,0.31712038,0.96121884,0.98168498,0.10227273,0.26038781,0.05494505,0.10227273
2024-01-10 21:11:59.391936,128,10,32,361,MultiLayerPerceptron,LeakyReLU,"[256, 256]","[256, 256]",-4.527093887329102,-4.718683242797852,28.154,0.39181652,0.96121884,0.98168498,0.10227273,0.27700831,0.07692308,0.10227273
2024-01-10 21:15:30.279255,128,10,32,361,MultiLayerPerceptron,LeakyReLU,"[256, 256]","[256, 256]",-4.167395114898682,-4.278292655944824,23.978,0.45471195,0.96675900,0.98168498,0.07954545,0.36288089,0.18315018,0.07954545
2024-01-10 21:16:50.219159,128,10,32,361,MultiLayerPerceptron,LeakyReLU,"[256, 256]","[256, 256]",-4.712591648101807,-4.807999610900879,26.088,0.36796537,0.96121884,0.97802198,0.09090909,0.27977839,0.07692308,0.09090909
2024-01-10 21:18:17.788505,128,10,32,361,MultiLayerPerceptron,LeakyReLU,"[256, 256]","[256, 256]",-3.380493402481079,-3.426419258117676,26.070,0.48218448,0.96952909,0.98901099,0.09090909,0.39335180,0.22710623,0.09090909
2024-01-10 21:19:30.851999,128,10,32,361,MultiLayerPerceptron,LeakyReLU,"[256, 256]","[256, 256]",-3.290138483047485,-3.393858671188354,25.238,0.48905261,0.95567867,0.97069597,0.09090909,0.36288089,0.18681319,0.09090909
2024-01-10 21:20:35.343251,128,10,32,361,MultiLayerPerceptron,LeakyReLU,"[256, 256]","[256, 256]",-4.345961093902588,-4.395825386047363,32.513,0.31526807,0.96675900,0.98534799,0.09090909,0.27146814,0.06593407,0.09090909

//RandomForest
2024-01-05 19:24:26.116247,128,10,32,361,RandomForest,LeakyReLU,"[256, 256]","[256, 256]",-1.910357594490051,-1.933863997459412,19.623,0.90072428,0.97506925,0.99633700,0.09090909,0.62603878,0.53479853,0.09090909
2024-01-10 21:23:34.897559,128,10,32,361,RandomForest,LeakyReLU,"[256, 256]","[256, 256]",-1.373620629310608,-1.375907421112061,17.271,0.90992341,0.96952909,0.99633700,0.11363636,0.70360111,0.64468864,0.11363636
2024-01-10 21:25:57.703658,128,10,32,361,RandomForest,LeakyReLU,"[256, 256]","[256, 256]",-1.531833291053772,-1.546834945678711,14.659,0.92842574,0.97506925,0.99633700,0.09090909,0.68698061,0.61538462,0.09090909
2024-01-10 21:27:45.125455,128,10,32,361,RandomForest,LeakyReLU,"[256, 256]","[256, 256]",-1.417821288108826,-1.419381260871887,19.901,0.91660423,0.96952909,0.99633700,0.11363636,0.70083102,0.64102564,0.11363636
2024-01-10 21:29:37.194796,128,10,32,361,RandomForest,LeakyReLU,"[256, 256]","[256, 256]",-1.245796322822571,-1.242918133735657,26.223,0.88536464,0.97783934,0.99633700,0.07954545,0.65927978,0.57509158,0.07954545
2024-01-10 21:31:37.395673,128,10,32,361,RandomForest,LeakyReLU,"[256, 256]","[256, 256]",-1.419930100440979,-1.421417236328125,18.110,0.92798868,0.97229917,0.99633700,0.10227273,0.70914127,0.64835165,0.10227273
2024-01-10 21:33:22.195133,128,10,32,361,RandomForest,LeakyReLU,"[256, 256]","[256, 256]",-1.242794632911682,-1.232802033424377,18.634,0.90848735,0.97783934,0.99633700,0.07954545,0.69252078,0.61904762,0.07954545
2024-01-10 21:35:08.796680,128,10,32,361,RandomForest,LeakyReLU,"[256, 256]","[256, 256]",-1.842622756958008,-1.855707764625549,23.333,0.88967283,0.96675900,0.99633700,0.12500000,0.60941828,0.52380952,0.12500000
2024-01-10 21:36:54.459364,128,10,32,361,RandomForest,LeakyReLU,"[256, 256]","[256, 256]",-1.408014297485352,-1.385693311691284,22.630,0.91042291,0.96952909,0.99267399,0.10227273,0.64265928,0.56043956,0.10227273
2024-01-10 21:39:19.043344,128,10,32,361,RandomForest,LeakyReLU,"[256, 256]","[256, 256]",-1.344262361526489,-1.361636638641357,15.615,0.92266067,0.96675900,0.99633700,0.12500000,0.72022161,0.67032967,0.12500000

//SVM
2024-01-05 19:25:59.473199,128,10,32,361,SVM,LeakyReLU,"[256, 256]","[256, 256]",-5.341741085052490,-5.187935829162598,35.623,0.50108225,0.93628809,0.97069597,0.17045455,0.32409972,0.16117216,0.17045455
2024-01-10 21:40:55.510340,128,10,32,361,SVM,LeakyReLU,"[256, 256]","[256, 256]",-4.948437213897705,-4.822734832763672,38.821,0.53042791,0.93628809,0.97069597,0.17045455,0.35457064,0.20146520,0.17045455
2024-01-10 21:42:13.483606,128,10,32,361,SVM,LeakyReLU,"[256, 256]","[256, 256]",-5.210062026977539,-5.089447975158691,34.066,0.51789877,0.93628809,0.97069597,0.17045455,0.33518006,0.17582418,0.17045455
2024-01-10 21:43:12.927757,128,10,32,361,SVM,LeakyReLU,"[256, 256]","[256, 256]",-4.901282310485840,-4.740125179290771,36.176,0.51585914,0.93628809,0.97069597,0.17045455,0.37119114,0.22344322,0.17045455
2024-01-10 21:44:13.274290,128,10,32,361,SVM,LeakyReLU,"[256, 256]","[256, 256]",-5.416480541229248,-5.259294033050537,33.289,0.45325508,0.93628809,0.97069597,0.17045455,0.31301939,0.14652015,0.17045455
2024-01-10 21:45:15.516875,128,10,32,361,SVM,LeakyReLU,"[256, 256]","[256, 256]",-5.308651447296143,-5.158439159393311,35.788,0.48747086,0.93628809,0.97069597,0.17045455,0.33795014,0.17948718,0.17045455
2024-01-10 21:46:25.031120,128,10,32,361,SVM,LeakyReLU,"[256, 256]","[256, 256]",-5.405867576599121,-5.277662754058838,33.491,0.50728438,0.93628809,0.97069597,0.17045455,0.32686981,0.16483516,0.17045455
2024-01-10 21:47:31.167789,128,10,32,361,SVM,LeakyReLU,"[256, 256]","[256, 256]",-4.838014602661133,-4.797880649566650,36.392,0.53009491,0.93628809,0.97069597,0.17045455,0.37396122,0.22710623,0.17045455
2024-01-10 21:48:32.888632,128,10,32,361,SVM,LeakyReLU,"[256, 256]","[256, 256]",-5.032529354095459,-4.899917602539062,34.062,0.52497502,0.93628809,0.97069597,0.17045455,0.36565097,0.21611722,0.17045455
2024-01-10 21:49:38.336968,128,10,32,361,SVM,LeakyReLU,"[256, 256]","[256, 256]",-5.443996906280518,-5.285738468170166,32.147,0.46998834,0.93628809,0.97069597,0.17045455,0.32132964,0.15750916,0.17045455

//ResNet
2024-01-13 18:16:47.510484,128,10,32,361,ResNet,LeakyReLU,"[256, 256]","[256, 256]",-4.574334144592285,-4.460098266601562,41.114,0.76190476,0.92520776,0.95238095,0.15909091,0.30193906,0.12820513,0.15909091
2024-01-13 18:19:37.645530,128,10,32,361,ResNet,LeakyReLU,"[256, 256]","[256, 256]",-2.126070022583008,-2.101660966873169,23.912,0.75056194,0.97783934,0.98534799,0.04545455,0.58448753,0.46520147,0.04545455
2024-01-13 18:23:12.667322,128,10,32,361,ResNet,LeakyReLU,"[256, 256]","[256, 256]",-4.539771556854248,-4.405118465423584,25.861,0.75932401,0.92243767,0.90842491,0.03409091,0.35734072,0.16117216,0.03409091
2024-01-13 18:27:41.724934,128,10,32,361,ResNet,LeakyReLU,"[256, 256]","[256, 256]",-4.831401348114014,-4.701891422271729,33.722,0.82238595,0.98060942,0.98901099,0.04545455,0.37119114,0.18315018,0.04545455
2024-01-13 18:32:08.014931,128,10,32,361,ResNet,LeakyReLU,"[256, 256]","[256, 256]",-2.551485300064087,-2.511137247085571,30.901,0.84259491,0.98060942,0.98534799,0.03409091,0.59833795,0.47985348,0.03409091
2024-01-13 18:36:26.971697,128,10,32,361,ResNet,LeakyReLU,"[256, 256]","[256, 256]",-5.463509559631348,-5.259654521942139,44.004,0.51015651,0.92797784,0.94871795,0.13636364,0.25484765,0.05860806,0.13636364
2024-01-13 18:40:11.417319,128,10,32,361,ResNet,LeakyReLU,"[256, 256]","[256, 256]",-2.483456850051880,-2.423897027969360,33.227,0.82276057,0.97506925,0.98534799,0.05681818,0.61218837,0.50549451,0.05681818
2024-01-13 18:43:27.748018,128,10,32,361,ResNet,LeakyReLU,"[256, 256]","[256, 256]",-1.959224700927734,-1.907648086547852,29.480,0.76873127,0.96675900,0.98168498,0.07954545,0.59833795,0.49450549,0.07954545
2024-01-13 18:46:36.209989,128,10,32,361,ResNet,LeakyReLU,"[256, 256]","[256, 256]",-2.471088647842407,-2.414853572845459,24.850,0.81995088,0.96952909,0.97802198,0.05681818,0.58725762,0.47252747,0.05681818
2024-01-13 19:07:10.090600,128,20,32,361,ResNet,LeakyReLU,"[256, 256]","[256, 256]",-5.819880962371826,-5.540842533111572,31.996,0.73168498,0.97506925,0.98534799,0.05681818,0.30193906,0.09523810,0.05681818